robustness, solve time, T
0.36710,15.27772,50.00000
-0.50581,30.14433,75.00000
0.46175,57.23525,100.00000
0.47436,219.43870,125.00000
